Plot Title: BLM93,,,
#,"Date Time, GMT-06:00","Abs Pres, kPa (LGR S/N: 20214184, SEN S/N: 20214184)","Temp, °C (LGR S/N: 20214184, SEN S/N: 20214184)"
2,11/23/20 2:05:00 PM,114.173,11.916
3,11/23/20 2:30:00 PM,114.168,12.013
4,11/23/20 2:55:00 PM,114.168,12.013
5,11/23/20 3:20:00 PM,114.168,12.013
6,11/23/20 3:45:00 PM,114.179,12.013
7,11/23/20 4:10:00 PM,114.179,12.013
8,11/23/20 4:35:00 PM,114.179,12.013
9,11/23/20 5:00:00 PM,114.179,12.013
10,11/23/20 5:25:00 PM,114.201,12.013
11,11/23/20 5:50:00 PM,114.201,12.013
12,11/23/20 6:15:00 PM,114.212,12.013
13,11/23/20 6:40:00 PM,114.245,12.013
14,11/23/20 7:05:00 PM,114.267,12.013
15,11/23/20 7:30:00 PM,114.288,12.013
16,11/23/20 7:55:00 PM,114.288,12.013
17,11/23/20 8:20:00 PM,114.288,12.013
18,11/23/20 8:45:00 PM,114.299,12.013
19,11/23/20 9:10:00 PM,114.304,11.916
20,11/23/20 9:35:00 PM,114.299,12.013
21,11/23/20 10:00:00 PM,114.293,11.916
22,11/23/20 10:25:00 PM,114.31,12.013
23,11/23/20 10:50:00 PM,114.304,11.916
24,11/23/20 11:15:00 PM,114.299,12.013
25,11/23/20 11:40:00 PM,114.293,11.916
26,11/24/20 12:05:00 AM,114.293,11.916
27,11/24/20 12:30:00 AM,114.304,11.916
28,11/24/20 12:55:00 AM,114.293,11.916
29,11/24/20 1:20:00 AM,114.304,11.916
30,11/24/20 1:45:00 AM,114.304,11.916
31,11/24/20 2:10:00 AM,114.304,11.916
32,11/24/20 2:35:00 AM,114.315,11.916
33,11/24/20 3:00:00 AM,114.326,11.916
34,11/24/20 3:25:00 AM,114.358,11.916
35,11/24/20 3:50:00 AM,114.369,11.916
36,11/24/20 4:15:00 AM,114.38,11.916
37,11/24/20 4:40:00 AM,114.369,11.916
38,11/24/20 5:05:00 AM,114.358,11.916
39,11/24/20 5:30:00 AM,114.369,11.916
40,11/24/20 5:55:00 AM,114.402,11.916
41,11/24/20 6:20:00 AM,114.391,11.916
42,11/24/20 6:45:00 AM,114.38,11.916
43,11/24/20 7:10:00 AM,114.391,11.916
44,11/24/20 7:35:00 AM,114.413,11.916
45,11/24/20 8:00:00 AM,114.413,11.916
46,11/24/20 8:25:00 AM,114.424,11.916
47,11/24/20 8:50:00 AM,114.424,11.916
48,11/24/20 9:15:00 AM,114.446,11.916
49,11/24/20 9:40:00 AM,114.468,11.916
50,11/24/20 10:05:00 AM,114.457,11.916
51,11/24/20 10:30:00 AM,114.457,11.916
52,11/24/20 10:55:00 AM,114.468,11.916
53,11/24/20 11:20:00 AM,114.479,11.916
54,11/24/20 11:45:00 AM,114.49,11.916
55,11/24/20 12:10:00 PM,114.468,11.916
56,11/24/20 12:35:00 PM,114.435,11.916
57,11/24/20 1:00:00 PM,114.413,11.916
58,11/24/20 1:25:00 PM,114.402,11.916
59,11/24/20 1:50:00 PM,114.38,11.916
60,11/24/20 2:15:00 PM,114.363,11.819
61,11/24/20 2:40:00 PM,114.348,11.916
62,11/24/20 3:05:00 PM,114.33,11.819
63,11/24/20 3:30:00 PM,114.308,11.819
64,11/24/20 3:55:00 PM,114.319,11.819
65,11/24/20 4:20:00 PM,114.319,11.819
66,11/24/20 4:45:00 PM,114.319,11.819
67,11/24/20 5:10:00 PM,114.319,11.819
68,11/24/20 5:35:00 PM,114.308,11.819
69,11/24/20 6:00:00 PM,114.308,11.819
70,11/24/20 6:25:00 PM,114.319,11.819
71,11/24/20 6:50:00 PM,114.33,11.819
72,11/24/20 7:15:00 PM,114.33,11.819
73,11/24/20 7:40:00 PM,114.33,11.819
74,11/24/20 8:05:00 PM,114.308,11.819
75,11/24/20 8:30:00 PM,114.308,11.819
76,11/24/20 8:55:00 PM,114.308,11.819
77,11/24/20 9:20:00 PM,114.308,11.819
78,11/24/20 9:45:00 PM,114.297,11.819
79,11/24/20 10:10:00 PM,114.291,11.722
80,11/24/20 10:35:00 PM,114.236,11.722
81,11/24/20 11:00:00 PM,114.269,11.722
82,11/24/20 11:25:00 PM,114.236,11.722
83,11/24/20 11:50:00 PM,114.225,11.722
84,11/25/20 12:15:00 AM,114.225,11.722
85,11/25/20 12:40:00 AM,114.225,11.722
86,11/25/20 1:05:00 AM,114.203,11.722
87,11/25/20 1:30:00 AM,114.225,11.722
88,11/25/20 1:55:00 AM,114.192,11.722
89,11/25/20 2:20:00 AM,114.171,11.722
90,11/25/20 2:45:00 AM,114.149,11.722
91,11/25/20 3:10:00 AM,114.171,11.722
92,11/25/20 3:35:00 AM,114.16,11.722
93,11/25/20 4:00:00 AM,114.149,11.722
94,11/25/20 4:25:00 AM,114.116,11.722
95,11/25/20 4:50:00 AM,114.094,11.722
96,11/25/20 5:15:00 AM,114.083,11.722
97,11/25/20 5:40:00 AM,114.061,11.722
98,11/25/20 6:05:00 AM,114.061,11.722
99,11/25/20 6:30:00 AM,114.05,11.722
100,11/25/20 6:55:00 AM,114.022,11.625
101,11/25/20 7:20:00 AM,114.044,11.625
102,11/25/20 7:45:00 AM,114.022,11.625
103,11/25/20 8:10:00 AM,114.022,11.625
104,11/25/20 8:35:00 AM,114.044,11.625
105,11/25/20 9:00:00 AM,114.033,11.625
106,11/25/20 9:25:00 AM,114.022,11.625
107,11/25/20 9:50:00 AM,114.044,11.625
108,11/25/20 10:15:00 AM,114.066,11.625
109,11/25/20 10:40:00 AM,114.066,11.625
110,11/25/20 11:05:00 AM,114.055,11.625
111,11/25/20 11:30:00 AM,114.066,11.625
112,11/25/20 11:55:00 AM,114.044,11.625
113,11/25/20 12:20:00 PM,114.011,11.625
114,11/25/20 12:45:00 PM,114,11.625
115,11/25/20 1:10:00 PM,113.967,11.625
116,11/25/20 1:35:00 PM,113.967,11.625
117,11/25/20 2:00:00 PM,113.957,11.625
118,11/25/20 2:25:00 PM,113.935,11.625
119,11/25/20 2:50:00 PM,113.924,11.625
120,11/25/20 3:15:00 PM,113.913,11.625
121,11/25/20 3:40:00 PM,113.935,11.625
122,11/25/20 4:05:00 PM,113.946,11.625
123,11/25/20 4:30:00 PM,113.978,11.625
124,11/25/20 4:55:00 PM,113.989,11.625
125,11/25/20 5:20:00 PM,114.044,11.625
126,11/25/20 5:45:00 PM,114.033,11.625
127,11/25/20 6:10:00 PM,114.055,11.625
128,11/25/20 6:35:00 PM,114.066,11.625
129,11/25/20 7:00:00 PM,114.088,11.625
130,11/25/20 7:25:00 PM,114.099,11.625
131,11/25/20 7:50:00 PM,114.12,11.625
132,11/25/20 8:15:00 PM,114.12,11.625
133,11/25/20 8:40:00 PM,114.142,11.625
134,11/25/20 9:05:00 PM,114.142,11.625
135,11/25/20 9:30:00 PM,114.164,11.625
136,11/25/20 9:55:00 PM,114.186,11.625
137,11/25/20 10:20:00 PM,114.208,11.625
138,11/25/20 10:45:00 PM,114.186,11.625
139,11/25/20 11:10:00 PM,114.208,11.625
140,11/25/20 11:35:00 PM,114.197,11.625
141,11/26/20 12:00:00 AM,114.219,11.625
142,11/26/20 12:25:00 AM,114.23,11.625
143,11/26/20 12:50:00 AM,114.23,11.625
144,11/26/20 1:15:00 AM,114.201,11.528
145,11/26/20 1:40:00 AM,114.186,11.625
146,11/26/20 2:05:00 AM,114.219,11.625
147,11/26/20 2:30:00 AM,114.223,11.528
148,11/26/20 2:55:00 AM,114.212,11.528
149,11/26/20 3:20:00 AM,114.234,11.528
150,11/26/20 3:45:00 AM,114.212,11.528
151,11/26/20 4:10:00 AM,114.256,11.528
152,11/26/20 4:35:00 AM,114.245,11.528
153,11/26/20 5:00:00 AM,114.234,11.528
154,11/26/20 5:25:00 AM,114.245,11.528
155,11/26/20 5:50:00 AM,114.245,11.528
156,11/26/20 6:15:00 AM,114.278,11.528
157,11/26/20 6:40:00 AM,114.278,11.528
158,11/26/20 7:05:00 AM,114.278,11.528
159,11/26/20 7:30:00 AM,114.299,11.528
160,11/26/20 7:55:00 AM,114.31,11.528
161,11/26/20 8:20:00 AM,114.31,11.528
162,11/26/20 8:45:00 AM,114.332,11.528
163,11/26/20 9:10:00 AM,114.343,11.528
164,11/26/20 9:35:00 AM,114.365,11.528
165,11/26/20 10:00:00 AM,114.365,11.528
166,11/26/20 10:25:00 AM,114.387,11.528
167,11/26/20 10:50:00 AM,114.398,11.528
168,11/26/20 11:15:00 AM,114.409,11.528
169,11/26/20 11:40:00 AM,114.409,11.528
170,11/26/20 12:05:00 PM,114.398,11.528
171,11/26/20 12:30:00 PM,114.354,11.528
172,11/26/20 12:55:00 PM,114.332,11.528
173,11/26/20 1:20:00 PM,114.299,11.528
174,11/26/20 1:45:00 PM,114.31,11.528
175,11/26/20 2:10:00 PM,114.31,11.528
176,11/26/20 2:35:00 PM,114.321,11.528
177,11/26/20 3:00:00 PM,114.289,11.528
178,11/26/20 3:25:00 PM,114.282,11.431
179,11/26/20 3:50:00 PM,114.293,11.431
180,11/26/20 4:15:00 PM,114.282,11.431
181,11/26/20 4:40:00 PM,114.304,11.431
182,11/26/20 5:05:00 PM,114.326,11.431
183,11/26/20 5:30:00 PM,114.326,11.431
184,11/26/20 5:55:00 PM,114.326,11.431
185,11/26/20 6:20:00 PM,114.358,11.431
186,11/26/20 6:45:00 PM,114.358,11.431
187,11/26/20 7:10:00 PM,114.369,11.431
188,11/26/20 7:35:00 PM,114.358,11.431
189,11/26/20 8:00:00 PM,114.402,11.431
190,11/26/20 8:25:00 PM,114.391,11.431
191,11/26/20 8:50:00 PM,114.413,11.431
192,11/26/20 9:15:00 PM,114.435,11.431
193,11/26/20 9:40:00 PM,114.446,11.431
194,11/26/20 10:05:00 PM,114.446,11.431
195,11/26/20 10:30:00 PM,114.435,11.431
196,11/26/20 10:55:00 PM,114.446,11.431
197,11/26/20 11:20:00 PM,114.435,11.431
198,11/26/20 11:45:00 PM,114.439,11.334
199,11/27/20 12:10:00 AM,114.439,11.334
200,11/27/20 12:35:00 AM,114.45,11.334
201,11/27/20 1:00:00 AM,114.461,11.334
202,11/27/20 1:25:00 AM,114.45,11.334
203,11/27/20 1:50:00 AM,114.45,11.334
204,11/27/20 2:15:00 AM,114.461,11.334
205,11/27/20 2:40:00 AM,114.472,11.334
206,11/27/20 3:05:00 AM,114.483,11.334
207,11/27/20 3:30:00 AM,114.483,11.334
208,11/27/20 3:55:00 AM,114.472,11.334
209,11/27/20 4:20:00 AM,114.472,11.334
210,11/27/20 4:45:00 AM,114.461,11.334
211,11/27/20 5:10:00 AM,114.45,11.334
212,11/27/20 5:35:00 AM,114.45,11.334
213,11/27/20 6:00:00 AM,114.472,11.334
214,11/27/20 6:25:00 AM,114.483,11.334
215,11/27/20 6:50:00 AM,114.461,11.334
216,11/27/20 7:15:00 AM,114.483,11.334
217,11/27/20 7:40:00 AM,114.505,11.334
218,11/27/20 8:05:00 AM,114.52,11.236
219,11/27/20 8:30:00 AM,114.542,11.236
220,11/27/20 8:55:00 AM,114.542,11.236
221,11/27/20 9:20:00 AM,114.553,11.236
222,11/27/20 9:45:00 AM,114.574,11.236
223,11/27/20 10:10:00 AM,114.553,11.236
224,11/27/20 10:35:00 AM,114.564,11.236
225,11/27/20 11:00:00 AM,114.574,11.236
226,11/27/20 11:25:00 AM,114.574,11.236
227,11/27/20 11:50:00 AM,114.553,11.236
228,11/27/20 12:15:00 PM,114.531,11.236
229,11/27/20 12:40:00 PM,114.509,11.236
230,11/27/20 1:05:00 PM,114.487,11.236
231,11/27/20 1:30:00 PM,114.465,11.236
232,11/27/20 1:55:00 PM,114.454,11.236
233,11/27/20 2:20:00 PM,114.443,11.236
234,11/27/20 2:45:00 PM,114.433,11.236
235,11/27/20 3:10:00 PM,114.433,11.236
236,11/27/20 3:35:00 PM,114.422,11.236
237,11/27/20 4:00:00 PM,114.422,11.236
238,11/27/20 4:25:00 PM,114.411,11.236
239,11/27/20 4:50:00 PM,114.433,11.236
240,11/27/20 5:15:00 PM,114.433,11.236
241,11/27/20 5:40:00 PM,114.433,11.236
242,11/27/20 6:05:00 PM,114.443,11.236
243,11/27/20 6:30:00 PM,114.465,11.236
244,11/27/20 6:55:00 PM,114.465,11.236
245,11/27/20 7:20:00 PM,114.459,11.139
246,11/27/20 7:45:00 PM,114.47,11.139
247,11/27/20 8:10:00 PM,114.47,11.139
248,11/27/20 8:35:00 PM,114.491,11.139
249,11/27/20 9:00:00 PM,114.48,11.139
250,11/27/20 9:25:00 PM,114.513,11.139
251,11/27/20 9:50:00 PM,114.491,11.139
252,11/27/20 10:15:00 PM,114.502,11.139
253,11/27/20 10:40:00 PM,114.513,11.139
254,11/27/20 11:05:00 PM,114.502,11.139
255,11/27/20 11:30:00 PM,114.502,11.139
256,11/27/20 11:55:00 PM,114.502,11.139
257,11/28/20 12:20:00 AM,114.502,11.139
258,11/28/20 12:45:00 AM,114.502,11.139
259,11/28/20 1:10:00 AM,114.48,11.139
260,11/28/20 1:35:00 AM,114.48,11.139
261,11/28/20 2:00:00 AM,114.448,11.139
262,11/28/20 2:25:00 AM,114.437,11.139
263,11/28/20 2:50:00 AM,114.47,11.139
264,11/28/20 3:15:00 AM,114.48,11.139
265,11/28/20 3:40:00 AM,114.448,11.139
266,11/28/20 4:05:00 AM,114.448,11.139
267,11/28/20 4:30:00 AM,114.441,11.041
268,11/28/20 4:55:00 AM,114.463,11.041
269,11/28/20 5:20:00 AM,114.441,11.041
270,11/28/20 5:45:00 AM,114.463,11.041
271,11/28/20 6:10:00 AM,114.463,11.041
272,11/28/20 6:35:00 AM,114.452,11.041
273,11/28/20 7:00:00 AM,114.463,11.041
274,11/28/20 7:25:00 AM,114.452,11.041
275,11/28/20 7:50:00 AM,114.507,11.041
276,11/28/20 8:15:00 AM,114.463,11.041
277,11/28/20 8:40:00 AM,114.496,11.041
278,11/28/20 9:05:00 AM,114.507,11.041
279,11/28/20 9:30:00 AM,114.528,11.041
280,11/28/20 9:55:00 AM,114.528,11.041
281,11/28/20 10:20:00 AM,114.517,11.041
282,11/28/20 10:45:00 AM,114.517,11.041
283,11/28/20 11:10:00 AM,114.539,11.041
284,11/28/20 11:35:00 AM,114.496,11.041
285,11/28/20 12:00:00 PM,114.474,11.041
286,11/28/20 12:25:00 PM,114.43,11.041
287,11/28/20 12:50:00 PM,114.397,11.041
288,11/28/20 1:15:00 PM,114.397,11.041
289,11/28/20 1:40:00 PM,114.376,11.041
290,11/28/20 2:05:00 PM,114.343,11.041
291,11/28/20 2:30:00 PM,114.332,11.041
292,11/28/20 2:55:00 PM,114.321,11.041
293,11/28/20 3:20:00 PM,114.321,11.041
294,11/28/20 3:45:00 PM,114.321,11.041
295,11/28/20 4:10:00 PM,114.321,11.041
296,11/28/20 4:35:00 PM,114.31,11.041
297,11/28/20 5:00:00 PM,114.343,11.041
298,11/28/20 5:25:00 PM,114.332,11.041
299,11/28/20 5:50:00 PM,114.354,11.041
300,11/28/20 6:15:00 PM,114.354,11.041
301,11/28/20 6:40:00 PM,114.376,11.041
302,11/28/20 7:05:00 PM,114.376,11.041
303,11/28/20 7:30:00 PM,114.376,11.041
304,11/28/20 7:55:00 PM,114.402,10.944
305,11/28/20 8:20:00 PM,114.408,11.041
306,11/28/20 8:45:00 PM,114.43,11.041
307,11/28/20 9:10:00 PM,114.445,10.944
308,11/28/20 9:35:00 PM,114.456,10.944
309,11/28/20 10:00:00 PM,114.456,10.944
310,11/28/20 10:25:00 PM,114.456,10.944
311,11/28/20 10:50:00 PM,114.456,10.944
312,11/28/20 11:15:00 PM,114.445,10.944
313,11/28/20 11:40:00 PM,114.434,10.944
314,11/29/20 12:05:00 AM,114.445,10.944
315,11/29/20 12:30:00 AM,114.489,10.944
316,11/29/20 12:55:00 AM,114.5,10.944
317,11/29/20 1:20:00 AM,114.511,10.944
318,11/29/20 1:45:00 AM,114.522,10.944
319,11/29/20 2:10:00 AM,114.533,10.944
320,11/29/20 2:35:00 AM,114.522,10.944
321,11/29/20 3:00:00 AM,114.544,10.944
322,11/29/20 3:25:00 AM,114.554,10.944
323,11/29/20 3:50:00 AM,114.554,10.944
324,11/29/20 4:15:00 AM,114.565,10.944
325,11/29/20 4:40:00 AM,114.576,10.944
326,11/29/20 5:05:00 AM,114.533,10.944
327,11/29/20 5:30:00 AM,114.544,10.944
328,11/29/20 5:55:00 AM,114.554,10.944
329,11/29/20 6:20:00 AM,114.554,10.944
330,11/29/20 6:45:00 AM,114.565,10.944
331,11/29/20 7:10:00 AM,114.587,10.944
332,11/29/20 7:35:00 AM,114.565,10.944
333,11/29/20 8:00:00 AM,114.576,10.944
334,11/29/20 8:25:00 AM,114.565,10.944
335,11/29/20 8:50:00 AM,114.576,10.944
336,11/29/20 9:15:00 AM,114.587,10.944
337,11/29/20 9:40:00 AM,114.587,10.944
338,11/29/20 10:05:00 AM,114.598,10.944
339,11/29/20 10:30:00 AM,114.609,10.944
340,11/29/20 10:55:00 AM,114.62,10.944
341,11/29/20 11:20:00 AM,114.609,10.944
342,11/29/20 11:45:00 AM,114.598,10.944
343,11/29/20 12:10:00 PM,114.554,10.944
344,11/29/20 12:35:00 PM,114.533,10.944
345,11/29/20 1:00:00 PM,114.511,10.944
346,11/29/20 1:25:00 PM,114.511,10.944
347,11/29/20 1:50:00 PM,114.478,10.944
348,11/29/20 2:15:00 PM,114.467,10.944
349,11/29/20 2:40:00 PM,114.434,10.944
350,11/29/20 3:05:00 PM,114.456,10.944
351,11/29/20 3:30:00 PM,114.439,10.846
352,11/29/20 3:55:00 PM,114.439,10.846
353,11/29/20 4:20:00 PM,114.428,10.846
354,11/29/20 4:45:00 PM,114.428,10.846
355,11/29/20 5:10:00 PM,114.439,10.846
356,11/29/20 5:35:00 PM,114.439,10.846
357,11/29/20 6:00:00 PM,114.439,10.846
358,11/29/20 6:25:00 PM,114.439,10.846
359,11/29/20 6:50:00 PM,114.45,10.846
360,11/29/20 7:15:00 PM,114.439,10.846
361,11/29/20 7:40:00 PM,114.45,10.846
362,11/29/20 8:05:00 PM,114.46,10.846
363,11/29/20 8:30:00 PM,114.46,10.846
364,11/29/20 8:55:00 PM,114.46,10.846
365,11/29/20 9:20:00 PM,114.454,10.748
366,11/29/20 9:45:00 PM,114.465,10.748
367,11/29/20 10:10:00 PM,114.465,10.748
368,11/29/20 10:35:00 PM,114.476,10.748
369,11/29/20 11:00:00 PM,114.465,10.748
370,11/29/20 11:25:00 PM,114.454,10.748
371,11/29/20 11:50:00 PM,114.454,10.748
372,11/30/20 12:15:00 AM,114.465,10.748
373,11/30/20 12:40:00 AM,114.476,10.748
374,11/30/20 1:05:00 AM,114.421,10.748
375,11/30/20 1:30:00 AM,114.443,10.748
376,11/30/20 1:55:00 AM,114.432,10.748
377,11/30/20 2:20:00 AM,114.443,10.748
378,11/30/20 2:45:00 AM,114.421,10.748
379,11/30/20 3:10:00 AM,114.421,10.748
380,11/30/20 3:35:00 AM,114.421,10.748
381,11/30/20 4:00:00 AM,114.41,10.748
382,11/30/20 4:25:00 AM,114.399,10.748
383,11/30/20 4:50:00 AM,114.399,10.748
384,11/30/20 5:15:00 AM,114.377,10.748
385,11/30/20 5:40:00 AM,114.377,10.748
386,11/30/20 6:05:00 AM,114.377,10.748
387,11/30/20 6:30:00 AM,114.377,10.748
388,11/30/20 6:55:00 AM,114.355,10.748
389,11/30/20 7:20:00 AM,114.377,10.748
390,11/30/20 7:45:00 AM,114.388,10.748
391,11/30/20 8:10:00 AM,114.388,10.748
392,11/30/20 8:35:00 AM,114.355,10.748
393,11/30/20 9:00:00 AM,114.388,10.748
394,11/30/20 9:25:00 AM,114.366,10.748
395,11/30/20 9:50:00 AM,114.355,10.748
396,11/30/20 10:15:00 AM,114.366,10.748
397,11/30/20 10:40:00 AM,114.366,10.748
398,11/30/20 11:05:00 AM,114.355,10.748
399,11/30/20 11:30:00 AM,114.345,10.748
400,11/30/20 11:55:00 AM,114.323,10.748
401,11/30/20 12:20:00 PM,114.268,10.748
402,11/30/20 12:45:00 PM,114.181,10.748
403,11/30/20 1:10:00 PM,114.17,10.748
404,11/30/20 1:35:00 PM,114.119,10.651
405,11/30/20 2:00:00 PM,114.109,10.651
406,11/30/20 2:25:00 PM,114.087,10.651
407,11/30/20 2:50:00 PM,114.054,10.651
408,11/30/20 3:15:00 PM,114.01,10.651
409,11/30/20 3:40:00 PM,114.032,10.651
410,11/30/20 4:05:00 PM,113.978,10.651
411,11/30/20 4:30:00 PM,114.032,10.651
412,11/30/20 4:55:00 PM,114.043,10.651
413,11/30/20 5:20:00 PM,114.021,10.651
414,11/30/20 5:45:00 PM,113.988,10.651
415,11/30/20 6:10:00 PM,113.978,10.651
416,11/30/20 6:35:00 PM,113.967,10.651
417,11/30/20 7:00:00 PM,113.978,10.651
418,11/30/20 7:25:00 PM,113.971,10.553
419,11/30/20 7:50:00 PM,113.971,10.553
420,11/30/20 8:15:00 PM,113.949,10.553
421,11/30/20 8:40:00 PM,113.96,10.553
422,11/30/20 9:05:00 PM,114.014,10.553
423,11/30/20 9:30:00 PM,114.091,10.553
424,11/30/20 9:55:00 PM,114.113,10.553
425,11/30/20 10:20:00 PM,114.124,10.553
426,11/30/20 10:45:00 PM,114.167,10.553
427,11/30/20 11:10:00 PM,114.211,10.553
428,11/30/20 11:35:00 PM,114.178,10.553
429,12/1/20 12:00:00 AM,114.211,10.553
430,12/1/20 12:25:00 AM,114.255,10.553
431,12/1/20 12:50:00 AM,114.266,10.553
432,12/1/20 1:15:00 AM,114.266,10.553
433,12/1/20 1:40:00 AM,114.266,10.553
434,12/1/20 2:05:00 AM,114.266,10.553
435,12/1/20 2:30:00 AM,114.276,10.553
436,12/1/20 2:55:00 AM,114.287,10.553
437,12/1/20 3:20:00 AM,114.266,10.553
438,12/1/20 3:45:00 AM,114.331,10.553
439,12/1/20 4:10:00 AM,114.32,10.553
440,12/1/20 4:35:00 AM,114.309,10.553
441,12/1/20 5:00:00 AM,114.309,10.553
442,12/1/20 5:25:00 AM,114.309,10.553
443,12/1/20 5:50:00 AM,114.32,10.553
444,12/1/20 6:15:00 AM,114.309,10.553
445,12/1/20 6:40:00 AM,114.32,10.553
446,12/1/20 7:05:00 AM,114.353,10.553
447,12/1/20 7:30:00 AM,114.32,10.553
448,12/1/20 7:55:00 AM,114.364,10.553
449,12/1/20 8:20:00 AM,114.375,10.553
450,12/1/20 8:45:00 AM,114.386,10.553
451,12/1/20 9:10:00 AM,114.429,10.553
452,12/1/20 9:35:00 AM,114.462,10.553
453,12/1/20 10:00:00 AM,114.462,10.553
454,12/1/20 10:25:00 AM,114.462,10.553
455,12/1/20 10:50:00 AM,114.451,10.553
456,12/1/20 11:15:00 AM,114.451,10.553
457,12/1/20 11:40:00 AM,114.44,10.553
458,12/1/20 12:05:00 PM,114.397,10.553
459,12/1/20 12:30:00 PM,114.353,10.553
460,12/1/20 12:55:00 PM,114.32,10.553
461,12/1/20 1:20:00 PM,114.32,10.553
462,12/1/20 1:45:00 PM,114.32,10.553
463,12/1/20 2:10:00 PM,114.298,10.553
464,12/1/20 2:35:00 PM,114.266,10.553
465,12/1/20 3:00:00 PM,114.287,10.553
466,12/1/20 3:25:00 PM,114.276,10.553
467,12/1/20 3:50:00 PM,114.276,10.553
468,12/1/20 4:15:00 PM,114.259,10.455
469,12/1/20 4:40:00 PM,114.281,10.455
470,12/1/20 5:05:00 PM,114.27,10.455
471,12/1/20 5:30:00 PM,114.259,10.455
472,12/1/20 5:55:00 PM,114.27,10.455
473,12/1/20 6:20:00 PM,114.281,10.455
474,12/1/20 6:45:00 PM,114.302,10.455
475,12/1/20 7:10:00 PM,114.302,10.455
476,12/1/20 7:35:00 PM,114.324,10.455
477,12/1/20 8:00:00 PM,114.313,10.455
478,12/1/20 8:25:00 PM,114.292,10.455
479,12/1/20 8:50:00 PM,114.302,10.455
480,12/1/20 9:15:00 PM,114.324,10.455
481,12/1/20 9:40:00 PM,114.335,10.455
482,12/1/20 10:05:00 PM,114.324,10.455
483,12/1/20 10:30:00 PM,114.379,10.455
484,12/1/20 10:55:00 PM,114.383,10.357
485,12/1/20 11:20:00 PM,114.383,10.357
486,12/1/20 11:45:00 PM,114.394,10.357
487,12/2/20 12:10:00 AM,114.379,10.455
488,12/2/20 12:35:00 AM,114.394,10.357
489,12/2/20 1:00:00 AM,114.372,10.357
490,12/2/20 1:25:00 AM,114.383,10.357
491,12/2/20 1:50:00 AM,114.383,10.357
492,12/2/20 2:15:00 AM,114.372,10.357
493,12/2/20 2:40:00 AM,114.372,10.357
494,12/2/20 3:05:00 AM,114.372,10.357
495,12/2/20 3:30:00 AM,114.372,10.357
496,12/2/20 3:55:00 AM,114.383,10.357
497,12/2/20 4:20:00 AM,114.339,10.357
498,12/2/20 4:45:00 AM,114.35,10.357
499,12/2/20 5:10:00 AM,114.339,10.357
500,12/2/20 5:35:00 AM,114.35,10.357
501,12/2/20 6:00:00 AM,114.372,10.357
502,12/2/20 6:25:00 AM,114.394,10.357
503,12/2/20 6:50:00 AM,114.427,10.357
504,12/2/20 7:15:00 AM,114.438,10.357
505,12/2/20 7:40:00 AM,114.416,10.357
506,12/2/20 8:05:00 AM,114.427,10.357
507,12/2/20 8:30:00 AM,114.438,10.357
508,12/2/20 8:55:00 AM,114.47,10.357
509,12/2/20 9:20:00 AM,114.492,10.357
510,12/2/20 9:45:00 AM,114.536,10.357
511,12/2/20 10:10:00 AM,114.547,10.357
512,12/2/20 10:35:00 AM,114.558,10.357
513,12/2/20 11:00:00 AM,114.58,10.357
514,12/2/20 11:25:00 AM,114.547,10.357
515,12/2/20 11:50:00 AM,114.536,10.357
516,12/2/20 12:15:00 PM,114.492,10.357
517,12/2/20 12:40:00 PM,114.459,10.357
518,12/2/20 1:05:00 PM,114.47,10.357
519,12/2/20 1:30:00 PM,114.427,10.357
520,12/2/20 1:55:00 PM,114.416,10.357
521,12/2/20 2:20:00 PM,114.416,10.357
522,12/2/20 2:45:00 PM,114.405,10.357
523,12/2/20 3:10:00 PM,114.405,10.357
524,12/2/20 3:35:00 PM,114.394,10.357
525,12/2/20 4:00:00 PM,114.416,10.357
526,12/2/20 4:25:00 PM,114.427,10.357
527,12/2/20 4:50:00 PM,114.438,10.357
528,12/2/20 5:15:00 PM,114.449,10.357
529,12/2/20 5:40:00 PM,114.474,10.259
530,12/2/20 6:05:00 PM,114.474,10.259
531,12/2/20 6:30:00 PM,114.485,10.259
532,12/2/20 6:55:00 PM,114.485,10.259
533,12/2/20 7:20:00 PM,114.507,10.259
534,12/2/20 7:45:00 PM,114.507,10.259
535,12/2/20 8:10:00 PM,114.496,10.259
536,12/2/20 8:35:00 PM,114.507,10.259
537,12/2/20 9:00:00 PM,114.507,10.259
538,12/2/20 9:25:00 PM,114.496,10.259
539,12/2/20 9:50:00 PM,114.496,10.259
540,12/2/20 10:15:00 PM,114.496,10.259
541,12/2/20 10:40:00 PM,114.496,10.259
542,12/2/20 11:05:00 PM,114.485,10.259
543,12/2/20 11:30:00 PM,114.485,10.259
544,12/2/20 11:55:00 PM,114.474,10.259
545,12/3/20 12:20:00 AM,114.474,10.259
546,12/3/20 12:45:00 AM,114.485,10.259
547,12/3/20 1:10:00 AM,114.485,10.259
548,12/3/20 1:35:00 AM,114.474,10.259
549,12/3/20 2:00:00 AM,114.474,10.259
550,12/3/20 2:25:00 AM,114.489,10.161
551,12/3/20 2:50:00 AM,114.489,10.161
552,12/3/20 3:15:00 AM,114.489,10.161
553,12/3/20 3:40:00 AM,114.496,10.259
554,12/3/20 4:05:00 AM,114.457,10.161
555,12/3/20 4:30:00 AM,114.474,10.259
556,12/3/20 4:55:00 AM,114.474,10.259
557,12/3/20 5:20:00 AM,114.479,10.161
558,12/3/20 5:45:00 AM,114.5,10.161
559,12/3/20 6:10:00 AM,114.479,10.161
560,12/3/20 6:35:00 AM,114.489,10.161
561,12/3/20 7:00:00 AM,114.489,10.161
562,12/3/20 7:25:00 AM,114.479,10.161
563,12/3/20 7:50:00 AM,114.479,10.161
564,12/3/20 8:15:00 AM,114.468,10.161
565,12/3/20 8:40:00 AM,114.489,10.161
566,12/3/20 9:05:00 AM,114.489,10.161
567,12/3/20 9:30:00 AM,114.5,10.161
568,12/3/20 9:55:00 AM,114.522,10.161
569,12/3/20 10:20:00 AM,114.522,10.161
570,12/3/20 10:45:00 AM,114.522,10.161
571,12/3/20 11:10:00 AM,114.511,10.161
572,12/3/20 11:35:00 AM,114.479,10.161
573,12/3/20 12:00:00 PM,114.457,10.161
574,12/3/20 12:25:00 PM,114.424,10.161
575,12/3/20 12:50:00 PM,114.391,10.161
576,12/3/20 1:15:00 PM,114.38,10.161
577,12/3/20 1:40:00 PM,114.359,10.161
578,12/3/20 2:05:00 PM,114.359,10.161
579,12/3/20 2:30:00 PM,114.359,10.161
580,12/3/20 2:55:00 PM,114.326,10.161
581,12/3/20 3:20:00 PM,114.304,10.161
582,12/3/20 3:45:00 PM,114.293,10.161
583,12/3/20 4:10:00 PM,114.315,10.161
584,12/3/20 4:35:00 PM,114.315,10.161
585,12/3/20 5:00:00 PM,114.326,10.161
586,12/3/20 5:25:00 PM,114.315,10.161
587,12/3/20 5:50:00 PM,114.326,10.161
588,12/3/20 6:15:00 PM,114.337,10.161
589,12/3/20 6:40:00 PM,114.341,10.063
590,12/3/20 7:05:00 PM,114.348,10.161
591,12/3/20 7:30:00 PM,114.359,10.161
592,12/3/20 7:55:00 PM,114.38,10.161
593,12/3/20 8:20:00 PM,114.363,10.063
594,12/3/20 8:45:00 PM,114.363,10.063
595,12/3/20 9:10:00 PM,114.363,10.063
596,12/3/20 9:35:00 PM,114.363,10.063
597,12/3/20 10:00:00 PM,114.352,10.063
598,12/3/20 10:25:00 PM,114.374,10.063
599,12/3/20 10:50:00 PM,114.374,10.063
600,12/3/20 11:15:00 PM,114.384,10.063
601,12/3/20 11:40:00 PM,114.395,10.063
602,12/4/20 12:05:00 AM,114.406,10.063
603,12/4/20 12:30:00 AM,114.395,10.063
604,12/4/20 12:55:00 AM,114.395,10.063
605,12/4/20 1:20:00 AM,114.363,10.063
606,12/4/20 1:45:00 AM,114.374,10.063
607,12/4/20 2:10:00 AM,114.363,10.063
608,12/4/20 2:35:00 AM,114.363,10.063
609,12/4/20 3:00:00 AM,114.384,10.063
610,12/4/20 3:25:00 AM,114.363,10.063
611,12/4/20 3:50:00 AM,114.352,10.063
612,12/4/20 4:15:00 AM,114.352,10.063
613,12/4/20 4:40:00 AM,114.352,10.063
614,12/4/20 5:05:00 AM,114.352,10.063
615,12/4/20 5:30:00 AM,114.352,10.063
616,12/4/20 5:55:00 AM,114.352,10.063
617,12/4/20 6:20:00 AM,114.352,10.063
618,12/4/20 6:45:00 AM,114.374,10.063
619,12/4/20 7:10:00 AM,114.374,10.063
620,12/4/20 7:35:00 AM,114.374,10.063
621,12/4/20 8:00:00 AM,114.374,10.063
622,12/4/20 8:25:00 AM,114.374,10.063
623,12/4/20 8:50:00 AM,114.374,10.063
624,12/4/20 9:15:00 AM,114.395,10.063
625,12/4/20 9:40:00 AM,114.406,10.063
626,12/4/20 10:05:00 AM,114.395,10.063
627,12/4/20 10:30:00 AM,114.417,10.063
628,12/4/20 10:55:00 AM,114.417,10.063
629,12/4/20 11:20:00 AM,114.417,10.063
630,12/4/20 11:45:00 AM,114.374,10.063
631,12/4/20 12:10:00 PM,114.341,10.063
632,12/4/20 12:35:00 PM,114.33,10.063
633,12/4/20 1:00:00 PM,114.286,10.063
634,12/4/20 1:25:00 PM,114.264,10.063
635,12/4/20 1:50:00 PM,114.232,10.063
636,12/4/20 2:15:00 PM,114.221,10.063
637,12/4/20 2:40:00 PM,114.221,10.063
638,12/4/20 3:05:00 PM,114.221,10.063
639,12/4/20 3:30:00 PM,114.21,10.063
640,12/4/20 3:55:00 PM,114.221,10.063
641,12/4/20 4:20:00 PM,114.221,10.063
642,12/4/20 4:45:00 PM,114.221,10.063
643,12/4/20 5:10:00 PM,114.243,10.063
644,12/4/20 5:35:00 PM,114.232,10.063
645,12/4/20 6:00:00 PM,114.232,10.063
646,12/4/20 6:25:00 PM,114.232,10.063
647,12/4/20 6:50:00 PM,114.232,10.063
648,12/4/20 7:15:00 PM,114.221,10.063
649,12/4/20 7:40:00 PM,114.214,9.965
650,12/4/20 8:05:00 PM,114.225,9.965
651,12/4/20 8:30:00 PM,114.225,9.965
652,12/4/20 8:55:00 PM,114.225,9.965
653,12/4/20 9:20:00 PM,114.236,9.965
654,12/4/20 9:45:00 PM,114.214,9.965
655,12/4/20 10:10:00 PM,114.225,9.965
656,12/4/20 10:35:00 PM,114.247,9.965
657,12/4/20 11:00:00 PM,114.236,9.965
658,12/4/20 11:25:00 PM,114.236,9.965
659,12/4/20 11:50:00 PM,114.247,9.965
660,12/5/20 12:15:00 AM,114.236,9.965
661,12/5/20 12:40:00 AM,114.225,9.965
662,12/5/20 1:05:00 AM,114.225,9.965
663,12/5/20 1:30:00 AM,114.214,9.965
664,12/5/20 1:55:00 AM,114.225,9.965
665,12/5/20 2:20:00 AM,114.225,9.965
666,12/5/20 2:45:00 AM,114.236,9.965
667,12/5/20 3:10:00 AM,114.247,9.965
668,12/5/20 3:35:00 AM,114.258,9.965
669,12/5/20 4:00:00 AM,114.236,9.965
670,12/5/20 4:25:00 AM,114.214,9.965
671,12/5/20 4:50:00 AM,114.214,9.965
672,12/5/20 5:15:00 AM,114.192,9.965
673,12/5/20 5:40:00 AM,114.192,9.965
674,12/5/20 6:05:00 AM,114.192,9.965
675,12/5/20 6:30:00 AM,114.192,9.965
676,12/5/20 6:55:00 AM,114.192,9.965
677,12/5/20 7:20:00 AM,114.203,9.965
678,12/5/20 7:45:00 AM,114.203,9.965
679,12/5/20 8:10:00 AM,114.214,9.965
680,12/5/20 8:35:00 AM,114.214,9.965
681,12/5/20 9:00:00 AM,114.236,9.965
682,12/5/20 9:25:00 AM,114.236,9.965
683,12/5/20 9:50:00 AM,114.236,9.965
684,12/5/20 10:15:00 AM,114.236,9.965
685,12/5/20 10:40:00 AM,114.236,9.965
686,12/5/20 11:05:00 AM,114.236,9.965
687,12/5/20 11:30:00 AM,114.214,9.965
688,12/5/20 11:55:00 AM,114.17,9.965
689,12/5/20 12:20:00 PM,114.137,9.965
690,12/5/20 12:45:00 PM,114.116,9.965
691,12/5/20 1:10:00 PM,114.083,9.965
692,12/5/20 1:35:00 PM,114.061,9.965
693,12/5/20 2:00:00 PM,114.039,9.965
694,12/5/20 2:25:00 PM,114.039,9.965
695,12/5/20 2:50:00 PM,113.996,9.965
696,12/5/20 3:15:00 PM,114.017,9.965
697,12/5/20 3:40:00 PM,113.996,9.965
698,12/5/20 4:05:00 PM,113.989,9.866
699,12/5/20 4:30:00 PM,113.978,9.866
700,12/5/20 4:55:00 PM,113.985,9.965
701,12/5/20 5:20:00 PM,113.989,9.866
702,12/5/20 5:45:00 PM,113.989,9.866
703,12/5/20 6:10:00 PM,113.989,9.866
704,12/5/20 6:35:00 PM,114.011,9.866
705,12/5/20 7:00:00 PM,114.011,9.866
706,12/5/20 7:25:00 PM,113.989,9.866
707,12/5/20 7:50:00 PM,113.989,9.866
708,12/5/20 8:15:00 PM,113.967,9.866
709,12/5/20 8:40:00 PM,113.989,9.866
710,12/5/20 9:05:00 PM,113.967,9.866
711,12/5/20 9:30:00 PM,113.956,9.866
712,12/5/20 9:55:00 PM,113.945,9.866
713,12/5/20 10:20:00 PM,113.956,9.866
714,12/5/20 10:45:00 PM,113.967,9.866
715,12/5/20 11:10:00 PM,113.956,9.866
716,12/5/20 11:35:00 PM,113.956,9.866
717,12/6/20 12:00:00 AM,113.945,9.866
718,12/6/20 12:25:00 AM,113.934,9.866
719,12/6/20 12:50:00 AM,113.945,9.866
720,12/6/20 1:15:00 AM,113.945,9.866
721,12/6/20 1:40:00 AM,113.934,9.866
722,12/6/20 2:05:00 AM,113.923,9.866
723,12/6/20 2:30:00 AM,113.934,9.866
724,12/6/20 2:55:00 AM,113.923,9.866
725,12/6/20 3:20:00 AM,113.912,9.866
726,12/6/20 3:45:00 AM,113.912,9.866
727,12/6/20 4:10:00 AM,113.901,9.866
728,12/6/20 4:35:00 AM,113.891,9.866
729,12/6/20 5:00:00 AM,113.869,9.866
730,12/6/20 5:25:00 AM,113.858,9.866
731,12/6/20 5:50:00 AM,113.858,9.866
732,12/6/20 6:15:00 AM,113.847,9.866
733,12/6/20 6:40:00 AM,113.869,9.866
734,12/6/20 7:05:00 AM,113.847,9.866
735,12/6/20 7:30:00 AM,113.858,9.866
736,12/6/20 7:55:00 AM,113.84,9.768
737,12/6/20 8:20:00 AM,113.829,9.768
738,12/6/20 8:45:00 AM,113.829,9.768
739,12/6/20 9:10:00 AM,113.851,9.768
740,12/6/20 9:35:00 AM,113.873,9.768
741,12/6/20 10:00:00 AM,113.884,9.768
742,12/6/20 10:25:00 AM,113.873,9.768
743,12/6/20 10:50:00 AM,113.873,9.768
744,12/6/20 11:15:00 AM,113.884,9.768
745,12/6/20 11:40:00 AM,113.829,9.768
746,12/6/20 12:05:00 PM,113.807,9.768
747,12/6/20 12:30:00 PM,113.775,9.768
748,12/6/20 12:55:00 PM,113.775,9.768
749,12/6/20 1:20:00 PM,113.709,9.768
750,12/6/20 1:45:00 PM,113.72,9.768
751,12/6/20 2:10:00 PM,113.716,9.866
752,12/6/20 2:35:00 PM,113.687,9.768
753,12/6/20 3:00:00 PM,113.665,9.768
754,12/6/20 3:25:00 PM,113.665,9.768
755,12/6/20 3:50:00 PM,113.676,9.768
756,12/6/20 4:15:00 PM,113.655,9.768
757,12/6/20 4:40:00 PM,113.687,9.768
758,12/6/20 5:05:00 PM,113.676,9.768
759,12/6/20 5:30:00 PM,113.698,9.768
760,12/6/20 5:55:00 PM,113.731,9.768
761,12/6/20 6:20:00 PM,113.709,9.768
762,12/6/20 6:45:00 PM,113.676,9.768
763,12/6/20 7:10:00 PM,113.698,9.768
764,12/6/20 7:35:00 PM,113.709,9.768
765,12/6/20 8:00:00 PM,113.72,9.768
766,12/6/20 8:25:00 PM,113.72,9.768
767,12/6/20 8:50:00 PM,113.72,9.768
768,12/6/20 9:15:00 PM,113.72,9.768
769,12/6/20 9:40:00 PM,113.72,9.768
770,12/6/20 10:05:00 PM,113.742,9.768
771,12/6/20 10:30:00 PM,113.731,9.768
772,12/6/20 10:55:00 PM,113.742,9.768
773,12/6/20 11:20:00 PM,113.742,9.768
774,12/6/20 11:45:00 PM,113.764,9.768
775,12/7/20 12:10:00 AM,113.764,9.768
776,12/7/20 12:35:00 AM,113.764,9.768
777,12/7/20 1:00:00 AM,113.731,9.768
778,12/7/20 1:25:00 AM,113.742,9.768
779,12/7/20 1:50:00 AM,113.742,9.768
780,12/7/20 2:15:00 AM,113.764,9.768
781,12/7/20 2:40:00 AM,113.764,9.768
782,12/7/20 3:05:00 AM,113.775,9.768
783,12/7/20 3:30:00 AM,113.785,9.768
784,12/7/20 3:55:00 AM,113.785,9.768
785,12/7/20 4:20:00 AM,113.775,9.768
786,12/7/20 4:45:00 AM,113.764,9.768
787,12/7/20 5:10:00 AM,113.764,9.768
788,12/7/20 5:35:00 AM,113.764,9.768
789,12/7/20 6:00:00 AM,113.764,9.768
790,12/7/20 6:25:00 AM,113.753,9.768
791,12/7/20 6:50:00 AM,113.785,9.768
792,12/7/20 7:15:00 AM,113.829,9.768
793,12/7/20 7:40:00 AM,113.796,9.768
794,12/7/20 8:05:00 AM,113.796,9.768
795,12/7/20 8:30:00 AM,113.818,9.768
796,12/7/20 8:55:00 AM,113.829,9.768
797,12/7/20 9:20:00 AM,113.84,9.768
798,12/7/20 9:45:00 AM,113.851,9.768
799,12/7/20 10:10:00 AM,113.884,9.768
800,12/7/20 10:35:00 AM,113.884,9.768
801,12/7/20 11:00:00 AM,113.884,9.768
802,12/7/20 11:25:00 AM,113.873,9.768
803,12/7/20 11:50:00 AM,113.829,9.768
804,12/7/20 12:15:00 PM,113.818,9.768
805,12/7/20 12:40:00 PM,113.775,9.768
806,12/7/20 1:05:00 PM,113.785,9.768
807,12/7/20 1:30:00 PM,113.742,9.768
808,12/7/20 1:55:00 PM,113.731,9.768
809,12/7/20 2:20:00 PM,113.731,9.768
810,12/7/20 2:45:00 PM,113.731,9.768
811,12/7/20 3:10:00 PM,113.687,9.768
812,12/7/20 3:35:00 PM,113.676,9.768
813,12/7/20 4:00:00 PM,113.676,9.768
814,12/7/20 4:25:00 PM,113.655,9.768
815,12/7/20 4:50:00 PM,113.665,9.768
816,12/7/20 5:15:00 PM,113.665,9.768
817,12/7/20 5:40:00 PM,113.665,9.768
818,12/7/20 6:05:00 PM,113.659,9.669
819,12/7/20 6:30:00 PM,113.659,9.669
820,12/7/20 6:55:00 PM,113.67,9.669
821,12/7/20 7:20:00 PM,113.67,9.669
822,12/7/20 7:45:00 PM,113.687,9.768
823,12/7/20 8:10:00 PM,113.691,9.669
824,12/7/20 8:35:00 PM,113.713,9.669
825,12/7/20 9:00:00 PM,113.746,9.669
826,12/7/20 9:25:00 PM,113.757,9.669
827,12/7/20 9:50:00 PM,113.757,9.669
828,12/7/20 10:15:00 PM,113.757,9.669
829,12/7/20 10:40:00 PM,113.724,9.669
830,12/7/20 11:05:00 PM,113.735,9.669
831,12/7/20 11:30:00 PM,113.746,9.669
832,12/7/20 11:55:00 PM,113.724,9.669
833,12/8/20 12:20:00 AM,113.713,9.669
834,12/8/20 12:45:00 AM,113.724,9.669
835,12/8/20 1:10:00 AM,113.713,9.669
836,12/8/20 1:35:00 AM,113.702,9.669
837,12/8/20 2:00:00 AM,113.68,9.669
838,12/8/20 2:25:00 AM,113.68,9.669
839,12/8/20 2:50:00 AM,113.68,9.669
840,12/8/20 3:15:00 AM,113.68,9.669
841,12/8/20 3:40:00 AM,113.691,9.669
842,12/8/20 4:05:00 AM,113.67,9.669
843,12/8/20 4:30:00 AM,113.637,9.669
844,12/8/20 4:55:00 AM,113.637,9.669
845,12/8/20 5:20:00 AM,113.648,9.669
846,12/8/20 5:45:00 AM,113.67,9.669
847,12/8/20 6:10:00 AM,113.659,9.669
848,12/8/20 6:35:00 AM,113.648,9.669
849,12/8/20 7:00:00 AM,113.648,9.669
850,12/8/20 7:25:00 AM,113.67,9.669
851,12/8/20 7:50:00 AM,113.659,9.669
852,12/8/20 8:15:00 AM,113.67,9.669
853,12/8/20 8:40:00 AM,113.67,9.669
854,12/8/20 9:05:00 AM,113.68,9.669
855,12/8/20 9:30:00 AM,113.68,9.669
856,12/8/20 9:55:00 AM,113.691,9.669
857,12/8/20 10:20:00 AM,113.702,9.669
858,12/8/20 10:45:00 AM,113.702,9.669
859,12/8/20 11:10:00 AM,113.702,9.669
860,12/8/20 11:35:00 AM,113.67,9.669
861,12/8/20 12:00:00 PM,113.619,9.571
862,12/8/20 12:25:00 PM,113.582,9.669
863,12/8/20 12:50:00 PM,113.55,9.669
864,12/8/20 1:15:00 PM,113.521,9.571
865,12/8/20 1:40:00 PM,113.495,9.669
866,12/8/20 2:05:00 PM,113.477,9.571
867,12/8/20 2:30:00 PM,113.455,9.571
868,12/8/20 2:55:00 PM,113.444,9.571
869,12/8/20 3:20:00 PM,113.434,9.571
870,12/8/20 3:45:00 PM,113.412,9.571
871,12/8/20 4:10:00 PM,113.401,9.571
872,12/8/20 4:35:00 PM,113.39,9.571
873,12/8/20 5:00:00 PM,113.401,9.571
874,12/8/20 5:25:00 PM,113.401,9.571
875,12/8/20 5:50:00 PM,113.423,9.571
876,12/8/20 6:15:00 PM,113.401,9.571
877,12/8/20 6:40:00 PM,113.412,9.571
878,12/8/20 7:05:00 PM,113.412,9.571
879,12/8/20 7:30:00 PM,113.412,9.571
880,12/8/20 7:55:00 PM,113.423,9.571
881,12/8/20 8:20:00 PM,113.412,9.571
882,12/8/20 8:45:00 PM,113.39,9.571
883,12/8/20 9:10:00 PM,113.39,9.571
884,12/8/20 9:35:00 PM,113.379,9.571
885,12/8/20 10:00:00 PM,113.39,9.571
886,12/8/20 10:25:00 PM,113.357,9.571
887,12/8/20 10:50:00 PM,113.39,9.571
888,12/8/20 11:15:00 PM,113.368,9.571
889,12/8/20 11:40:00 PM,113.368,9.571
890,12/9/20 12:05:00 AM,113.346,9.571
891,12/9/20 12:30:00 AM,113.324,9.571
892,12/9/20 12:55:00 AM,113.307,9.472
893,12/9/20 1:20:00 AM,113.296,9.472
894,12/9/20 1:45:00 AM,113.274,9.472
895,12/9/20 2:10:00 AM,113.241,9.472
896,12/9/20 2:35:00 AM,113.241,9.472
897,12/9/20 3:00:00 AM,113.241,9.472
898,12/9/20 3:25:00 AM,113.252,9.472
899,12/9/20 3:50:00 AM,113.23,9.472
900,12/9/20 4:15:00 AM,113.219,9.472
901,12/9/20 4:40:00 AM,113.209,9.472
902,12/9/20 5:05:00 AM,113.154,9.472
903,12/9/20 5:30:00 AM,113.165,9.472
904,12/9/20 5:55:00 AM,113.154,9.472
905,12/9/20 6:20:00 AM,113.165,9.472
906,12/9/20 6:45:00 AM,113.154,9.472
907,12/9/20 7:10:00 AM,113.154,9.472
908,12/9/20 7:35:00 AM,113.165,9.472
909,12/9/20 8:00:00 AM,113.165,9.472
910,12/9/20 8:25:00 AM,113.154,9.472
911,12/9/20 8:50:00 AM,113.132,9.472
912,12/9/20 9:15:00 AM,113.132,9.472
913,12/9/20 9:40:00 AM,113.132,9.472
914,12/9/20 10:05:00 AM,113.132,9.472
915,12/9/20 10:30:00 AM,113.11,9.472
916,12/9/20 10:55:00 AM,113.11,9.472
917,12/9/20 11:20:00 AM,113.089,9.472
918,12/9/20 11:45:00 AM,113.078,9.472
919,12/9/20 12:10:00 PM,113.034,9.472
920,12/9/20 12:35:00 PM,113.001,9.472
921,12/9/20 1:00:00 PM,112.936,9.472
922,12/9/20 1:25:00 PM,112.903,9.472
923,12/9/20 1:50:00 PM,112.881,9.472
924,12/9/20 2:15:00 PM,112.849,9.472
925,12/9/20 2:40:00 PM,112.82,9.373
926,12/9/20 3:05:00 PM,112.787,9.373
927,12/9/20 3:30:00 PM,112.776,9.373
928,12/9/20 3:55:00 PM,112.765,9.373
929,12/9/20 4:20:00 PM,112.765,9.373
930,12/9/20 4:45:00 PM,112.755,9.373
931,12/9/20 5:10:00 PM,112.765,9.373
932,12/9/20 5:35:00 PM,112.755,9.373
933,12/9/20 6:00:00 PM,112.755,9.373
934,12/9/20 6:25:00 PM,112.755,9.373
935,12/9/20 6:50:00 PM,112.755,9.373
936,12/9/20 7:15:00 PM,112.722,9.373
937,12/9/20 7:40:00 PM,112.755,9.373
938,12/9/20 8:05:00 PM,112.744,9.373
939,12/9/20 8:30:00 PM,112.776,9.373
940,12/9/20 8:55:00 PM,112.765,9.373
941,12/9/20 9:20:00 PM,112.733,9.373
942,12/9/20 9:45:00 PM,112.744,9.373
943,12/9/20 10:10:00 PM,112.733,9.373
944,12/9/20 10:35:00 PM,112.733,9.373
945,12/9/20 11:00:00 PM,112.722,9.373
946,12/9/20 11:25:00 PM,112.722,9.373
947,12/9/20 11:50:00 PM,112.7,9.373
948,12/10/20 12:15:00 AM,112.678,9.373
949,12/10/20 12:40:00 AM,112.678,9.373
950,12/10/20 1:05:00 AM,112.667,9.373
951,12/10/20 1:30:00 AM,112.656,9.373
952,12/10/20 1:55:00 AM,112.656,9.373
953,12/10/20 2:20:00 AM,112.646,9.373
954,12/10/20 2:45:00 AM,112.606,9.275
955,12/10/20 3:10:00 AM,112.617,9.275
956,12/10/20 3:35:00 AM,112.613,9.373
957,12/10/20 4:00:00 AM,112.595,9.275
958,12/10/20 4:25:00 AM,112.584,9.275
959,12/10/20 4:50:00 AM,112.547,9.373
960,12/10/20 5:15:00 AM,112.558,9.373
961,12/10/20 5:40:00 AM,112.547,9.373
962,12/10/20 6:05:00 AM,112.537,9.373
963,12/10/20 6:30:00 AM,112.541,9.275
964,12/10/20 6:55:00 AM,112.541,9.275
965,12/10/20 7:20:00 AM,112.519,9.275
966,12/10/20 7:45:00 AM,112.508,9.275
967,12/10/20 8:10:00 AM,112.464,9.275
968,12/10/20 8:35:00 AM,112.486,9.275
969,12/10/20 9:00:00 AM,112.475,9.275
970,12/10/20 9:25:00 AM,112.486,9.275
971,12/10/20 9:50:00 AM,112.486,9.275
972,12/10/20 10:15:00 AM,112.508,9.275
973,12/10/20 10:40:00 AM,112.497,9.275
974,12/10/20 11:05:00 AM,112.519,9.275
975,12/10/20 11:30:00 AM,112.475,9.275
976,12/10/20 11:55:00 AM,112.464,9.275
977,12/10/20 12:20:00 PM,112.41,9.275
978,12/10/20 12:45:00 PM,112.388,9.275
979,12/10/20 1:10:00 PM,112.344,9.275
980,12/10/20 1:35:00 PM,112.312,9.275
981,12/10/20 2:00:00 PM,112.312,9.275
982,12/10/20 2:25:00 PM,112.279,9.275
983,12/10/20 2:50:00 PM,112.224,9.275
984,12/10/20 3:15:00 PM,112.235,9.275
985,12/10/20 3:40:00 PM,112.246,9.275
986,12/10/20 4:05:00 PM,112.246,9.275
987,12/10/20 4:30:00 PM,112.203,9.275
988,12/10/20 4:55:00 PM,112.214,9.275
989,12/10/20 5:20:00 PM,112.203,9.275
990,12/10/20 5:45:00 PM,112.214,9.275
991,12/10/20 6:10:00 PM,112.214,9.275
992,12/10/20 6:35:00 PM,112.203,9.275
993,12/10/20 7:00:00 PM,112.192,9.275
994,12/10/20 7:25:00 PM,112.192,9.275
995,12/10/20 7:50:00 PM,112.181,9.275
996,12/10/20 8:15:00 PM,112.159,9.275
997,12/10/20 8:40:00 PM,112.17,9.275
998,12/10/20 9:05:00 PM,112.159,9.275
999,12/10/20 9:30:00 PM,112.148,9.275
1000,12/10/20 9:55:00 PM,112.126,9.275
1001,12/10/20 10:20:00 PM,112.119,9.176
1002,12/10/20 10:45:00 PM,112.119,9.176
1003,12/10/20 11:10:00 PM,112.087,9.176
1004,12/10/20 11:35:00 PM,112.098,9.176
1005,12/11/20 12:00:00 AM,112.076,9.176
1006,12/11/20 12:25:00 AM,112.076,9.176
1007,12/11/20 12:50:00 AM,112.054,9.176
1008,12/11/20 1:15:00 AM,112.054,9.176
1009,12/11/20 1:40:00 AM,112.043,9.176
1010,12/11/20 2:05:00 AM,112.032,9.176
1011,12/11/20 2:30:00 AM,112.054,9.176
1012,12/11/20 2:55:00 AM,112.043,9.176
1013,12/11/20 3:20:00 AM,112.054,9.176
1014,12/11/20 3:45:00 AM,112.087,9.176
1015,12/11/20 4:10:00 AM,112.054,9.176
1016,12/11/20 4:35:00 AM,112.054,9.176
1017,12/11/20 5:00:00 AM,112.043,9.176
1018,12/11/20 5:25:00 AM,112.076,9.176
1019,12/11/20 5:50:00 AM,112.065,9.176
1020,12/11/20 6:15:00 AM,112.098,9.176
1021,12/11/20 6:40:00 AM,112.087,9.176
1022,12/11/20 7:05:00 AM,112.119,9.176
1023,12/11/20 7:30:00 AM,112.119,9.176
1024,12/11/20 7:55:00 AM,112.13,9.176
1025,12/11/20 8:20:00 AM,112.141,9.176
1026,12/11/20 8:45:00 AM,112.163,9.176
1027,12/11/20 9:10:00 AM,112.174,9.176
1028,12/11/20 9:35:00 AM,112.185,9.176
1029,12/11/20 10:00:00 AM,112.185,9.176
1030,12/11/20 10:25:00 AM,112.185,9.176
1031,12/11/20 10:50:00 AM,112.207,9.176
1032,12/11/20 11:15:00 AM,112.207,9.176
1033,12/11/20 11:40:00 AM,112.174,9.176
1034,12/11/20 12:05:00 PM,112.163,9.176
1035,12/11/20 12:30:00 PM,112.141,9.176
1036,12/11/20 12:55:00 PM,112.109,9.176
1037,12/11/20 1:20:00 PM,112.065,9.176
1038,12/11/20 1:45:00 PM,112.043,9.176
1039,12/11/20 2:10:00 PM,112.054,9.176
1040,12/11/20 2:35:00 PM,112.054,9.176
1041,12/11/20 3:00:00 PM,112.043,9.176
1042,12/11/20 3:25:00 PM,112.021,9.176
1043,12/11/20 3:50:00 PM,112.054,9.176
1044,12/11/20 4:15:00 PM,112.054,9.176
1045,12/11/20 4:40:00 PM,112.043,9.176
1046,12/11/20 5:05:00 PM,112.021,9.176
1047,12/11/20 5:30:00 PM,112.01,9.176
1048,12/11/20 5:55:00 PM,111.989,9.176
1049,12/11/20 6:20:00 PM,112,9.176
1050,12/11/20 6:45:00 PM,111.978,9.176
1051,12/11/20 7:10:00 PM,111.956,9.176
1052,12/11/20 7:35:00 PM,111.956,9.176
1053,12/11/20 8:00:00 PM,111.967,9.176
1054,12/11/20 8:25:00 PM,111.934,9.176
1055,12/11/20 8:50:00 PM,111.923,9.176
1056,12/11/20 9:15:00 PM,111.869,9.176
1057,12/11/20 9:40:00 PM,111.847,9.176
1058,12/11/20 10:05:00 PM,111.825,9.176
1059,12/11/20 10:30:00 PM,111.836,9.176
1060,12/11/20 10:55:00 PM,111.829,9.077
1061,12/11/20 11:20:00 PM,111.825,9.176
1062,12/11/20 11:45:00 PM,111.825,9.176
1063,12/12/20 12:10:00 AM,111.803,9.176
1064,12/12/20 12:35:00 AM,111.775,9.077
1065,12/12/20 1:00:00 AM,111.786,9.077
1066,12/12/20 1:25:00 AM,111.786,9.077
1067,12/12/20 1:50:00 AM,111.775,9.077
1068,12/12/20 2:15:00 AM,111.753,9.077
1069,12/12/20 2:40:00 AM,111.764,9.077
1070,12/12/20 3:05:00 AM,111.775,9.077
1071,12/12/20 3:30:00 AM,111.775,9.077
1072,12/12/20 3:55:00 AM,111.775,9.077
1073,12/12/20 4:20:00 AM,111.764,9.077
1074,12/12/20 4:45:00 AM,111.764,9.077
1075,12/12/20 5:10:00 AM,111.764,9.077
1076,12/12/20 5:35:00 AM,111.764,9.077
1077,12/12/20 6:00:00 AM,111.742,9.077
1078,12/12/20 6:25:00 AM,111.775,9.077
1079,12/12/20 6:50:00 AM,111.796,9.077
1080,12/12/20 7:15:00 AM,111.818,9.077
1081,12/12/20 7:40:00 AM,111.851,9.077
1082,12/12/20 8:05:00 AM,111.862,9.077
1083,12/12/20 8:30:00 AM,111.873,9.077
1084,12/12/20 8:55:00 AM,111.884,9.077
1085,12/12/20 9:20:00 AM,111.905,9.077
1086,12/12/20 9:45:00 AM,111.927,9.077
1087,12/12/20 10:10:00 AM,111.953,8.978
1088,12/12/20 10:35:00 AM,111.993,9.077
1089,12/12/20 11:00:00 AM,112.008,8.978
1090,12/12/20 11:25:00 AM,112.04,8.978
1091,12/12/20 11:50:00 AM,112.051,8.978
1092,12/12/20 12:15:00 PM,112.029,8.978
1093,12/12/20 12:40:00 PM,112.029,8.978
1094,12/12/20 1:05:00 PM,112.04,8.978
1095,12/12/20 1:30:00 PM,112.018,8.978
1096,12/12/20 1:55:00 PM,112.062,8.978
1097,12/12/20 2:20:00 PM,112.062,8.978
1098,12/12/20 2:45:00 PM,112.095,8.978
1099,12/12/20 3:10:00 PM,112.11,8.879
1100,12/12/20 3:35:00 PM,112.131,8.879
1101,12/12/20 4:00:00 PM,112.153,8.879
1102,12/12/20 4:25:00 PM,112.197,8.879
1103,12/12/20 4:50:00 PM,112.219,8.879
1104,12/12/20 5:15:00 PM,112.24,8.879
1105,12/12/20 5:40:00 PM,112.273,8.879
1106,12/12/20 6:05:00 PM,112.295,8.879
1107,12/12/20 6:30:00 PM,112.31,8.779
1108,12/12/20 6:55:00 PM,112.342,8.779
1109,12/12/20 7:20:00 PM,112.342,8.779
1110,12/12/20 7:45:00 PM,112.397,8.779
1111,12/12/20 8:10:00 PM,112.397,8.779
1112,12/12/20 8:35:00 PM,112.43,8.779
1113,12/12/20 9:00:00 PM,112.473,8.779
1114,12/12/20 9:25:00 PM,112.473,8.779
1115,12/12/20 9:50:00 PM,112.495,8.779
1116,12/12/20 10:15:00 PM,112.506,8.779
1117,12/12/20 10:40:00 PM,112.506,8.779
1118,12/12/20 11:05:00 PM,112.56,8.779
1119,12/12/20 11:30:00 PM,112.553,8.68
1120,12/12/20 11:55:00 PM,112.586,8.68
1121,12/13/20 12:20:00 AM,112.604,8.779
1122,12/13/20 12:45:00 AM,112.608,8.68
1123,12/13/20 1:10:00 AM,112.597,8.68
1124,12/13/20 1:35:00 AM,112.597,8.68
1125,12/13/20 2:00:00 AM,112.63,8.68
1126,12/13/20 2:25:00 AM,112.641,8.68
1127,12/13/20 2:50:00 AM,112.673,8.68
1128,12/13/20 3:15:00 AM,112.695,8.68
1129,12/13/20 3:40:00 AM,112.684,8.68
1130,12/13/20 4:05:00 AM,112.728,8.68
1131,12/13/20 4:30:00 AM,112.76,8.68
1132,12/13/20 4:55:00 AM,112.739,8.68
1133,12/13/20 5:20:00 AM,112.749,8.68
1134,12/13/20 5:45:00 AM,112.749,8.68
1135,12/13/20 6:10:00 AM,112.749,8.68
1136,12/13/20 6:35:00 AM,112.732,8.581
1137,12/13/20 7:00:00 AM,112.775,8.581
1138,12/13/20 7:25:00 AM,112.782,8.68
1139,12/13/20 7:50:00 AM,112.804,8.68
1140,12/13/20 8:15:00 AM,112.771,8.68
1141,12/13/20 8:40:00 AM,112.782,8.68
1142,12/13/20 9:05:00 AM,112.804,8.68
1143,12/13/20 9:30:00 AM,112.804,8.68
1144,12/13/20 9:55:00 AM,112.826,8.68
1145,12/13/20 10:20:00 AM,112.83,8.581
1146,12/13/20 10:45:00 AM,112.83,8.581
1147,12/13/20 11:10:00 AM,112.808,8.581
1148,12/13/20 11:35:00 AM,112.83,8.581
1149,12/13/20 12:00:00 PM,112.808,8.581
1150,12/13/20 12:25:00 PM,112.786,8.581
1151,12/13/20 12:50:00 PM,112.753,8.581
1152,12/13/20 1:15:00 PM,112.732,8.581
1153,12/13/20 1:40:00 PM,112.71,8.581
1154,12/13/20 2:05:00 PM,112.699,8.581
1155,12/13/20 2:30:00 PM,112.688,8.581
1156,12/13/20 2:55:00 PM,112.666,8.581
1157,12/13/20 3:20:00 PM,112.655,8.581
1158,12/13/20 3:45:00 PM,112.612,8.581
1159,12/13/20 4:10:00 PM,112.633,8.581
1160,12/13/20 4:35:00 PM,112.633,8.581
1161,12/13/20 5:00:00 PM,112.633,8.581
1162,12/13/20 5:25:00 PM,112.623,8.581
1163,12/13/20 5:50:00 PM,112.579,8.581
1164,12/13/20 6:15:00 PM,112.59,8.581
1165,12/13/20 6:40:00 PM,112.579,8.581
1166,12/13/20 7:05:00 PM,112.535,8.581
1167,12/13/20 7:30:00 PM,112.568,8.581
1168,12/13/20 7:55:00 PM,112.568,8.581
1169,12/13/20 8:20:00 PM,112.524,8.581
1170,12/13/20 8:45:00 PM,112.524,8.581
1171,12/13/20 9:10:00 PM,112.557,8.581
1172,12/13/20 9:35:00 PM,112.524,8.581
1173,12/13/20 10:00:00 PM,112.524,8.581
1174,12/13/20 10:25:00 PM,112.557,8.581
1175,12/13/20 10:50:00 PM,112.572,8.481
1176,12/13/20 11:15:00 PM,112.59,8.581
1177,12/13/20 11:40:00 PM,112.557,8.581
1178,12/14/20 12:05:00 AM,112.546,8.581
1179,12/14/20 12:30:00 AM,112.561,8.481
1180,12/14/20 12:55:00 AM,112.539,8.481
1181,12/14/20 1:20:00 AM,112.528,8.481
1182,12/14/20 1:45:00 AM,112.528,8.481
1183,12/14/20 2:10:00 AM,112.539,8.481
1184,12/14/20 2:35:00 AM,112.528,8.481
1185,12/14/20 3:00:00 AM,112.561,8.481
1186,12/14/20 3:25:00 AM,112.561,8.481
1187,12/14/20 3:50:00 AM,112.561,8.481
1188,12/14/20 4:15:00 AM,112.55,8.481
1189,12/14/20 4:40:00 AM,112.572,8.481
1190,12/14/20 5:05:00 AM,112.572,8.481
1191,12/14/20 5:30:00 AM,112.583,8.481
1192,12/14/20 5:55:00 AM,112.594,8.481
1193,12/14/20 6:20:00 AM,112.626,8.481
1194,12/14/20 6:45:00 AM,112.637,8.481
1195,12/14/20 7:10:00 AM,112.648,8.481
1196,12/14/20 7:35:00 AM,112.659,8.481
1197,12/14/20 8:00:00 AM,112.681,8.481
1198,12/14/20 8:25:00 AM,112.692,8.481
1199,12/14/20 8:50:00 AM,112.692,8.481
1200,12/14/20 9:15:00 AM,112.703,8.481
1201,12/14/20 9:40:00 AM,112.735,8.481
1202,12/14/20 10:05:00 AM,112.746,8.481
1203,12/14/20 10:30:00 AM,112.768,8.481
1204,12/14/20 10:55:00 AM,112.757,8.481
1205,12/14/20 11:20:00 AM,112.768,8.481
1206,12/14/20 11:45:00 AM,112.757,8.481
1207,12/14/20 12:10:00 PM,112.757,8.481
1208,12/14/20 12:35:00 PM,112.735,8.481
1209,12/14/20 1:00:00 PM,112.714,8.481
1210,12/14/20 1:25:00 PM,112.714,8.481
1211,12/14/20 1:50:00 PM,112.714,8.481
1212,12/14/20 2:15:00 PM,112.714,8.481
1213,12/14/20 2:40:00 PM,112.725,8.481
1214,12/14/20 3:05:00 PM,112.735,8.481
1215,12/14/20 3:30:00 PM,112.735,8.481
1216,12/14/20 3:55:00 PM,112.757,8.481
1217,12/14/20 4:20:00 PM,112.779,8.481
1218,12/14/20 4:45:00 PM,112.779,8.481
1219,12/14/20 5:10:00 PM,112.823,8.481
1220,12/14/20 5:35:00 PM,112.823,8.481
1221,12/14/20 6:00:00 PM,112.834,8.481
1222,12/14/20 6:25:00 PM,112.855,8.481
1223,12/14/20 6:50:00 PM,112.888,8.481
1224,12/14/20 7:15:00 PM,112.888,8.481
1225,12/14/20 7:40:00 PM,112.91,8.481
1226,12/14/20 8:05:00 PM,112.932,8.481
1227,12/14/20 8:30:00 PM,112.943,8.481
1228,12/14/20 8:55:00 PM,112.946,8.382
1229,12/14/20 9:20:00 PM,112.946,8.382
1230,12/14/20 9:45:00 PM,112.957,8.382
1231,12/14/20 10:10:00 PM,112.99,8.382
1232,12/14/20 10:35:00 PM,113.001,8.382
1233,12/14/20 11:00:00 PM,113.001,8.382
1234,12/14/20 11:25:00 PM,113.001,8.382
1235,12/14/20 11:50:00 PM,113.023,8.382
1236,12/15/20 12:15:00 AM,113.023,8.382
1237,12/15/20 12:40:00 AM,113.034,8.382
1238,12/15/20 1:05:00 AM,113.023,8.382
1239,12/15/20 1:30:00 AM,113.044,8.382
1240,12/15/20 1:55:00 AM,113.055,8.382
1241,12/15/20 2:20:00 AM,113.055,8.382
1242,12/15/20 2:45:00 AM,113.088,8.382
1243,12/15/20 3:10:00 AM,113.099,8.382
1244,12/15/20 3:35:00 AM,113.121,8.382
1245,12/15/20 4:00:00 AM,113.121,8.382
1246,12/15/20 4:25:00 AM,113.143,8.382
1247,12/15/20 4:50:00 AM,113.143,8.382
1248,12/15/20 5:15:00 AM,113.153,8.382
1249,12/15/20 5:40:00 AM,113.153,8.382
1250,12/15/20 6:05:00 AM,113.164,8.382
1251,12/15/20 6:30:00 AM,113.186,8.382
1252,12/15/20 6:55:00 AM,113.186,8.382
1253,12/15/20 7:20:00 AM,113.197,8.382
1254,12/15/20 7:45:00 AM,113.186,8.382
1255,12/15/20 8:10:00 AM,113.197,8.382
1256,12/15/20 8:35:00 AM,113.219,8.382
1257,12/15/20 9:00:00 AM,113.23,8.382
1258,12/15/20 9:25:00 AM,113.23,8.382
1259,12/15/20 9:50:00 AM,113.262,8.382
1260,12/15/20 10:15:00 AM,113.262,8.382
1261,12/15/20 10:40:00 AM,113.284,8.382
1262,12/15/20 11:05:00 AM,113.295,8.382
1263,12/15/20 11:30:00 AM,113.306,8.382
1264,12/15/20 11:55:00 AM,113.317,8.382
1265,12/15/20 12:20:00 PM,113.295,8.382
1266,12/15/20 12:45:00 PM,113.241,8.382
1267,12/15/20 1:10:00 PM,113.208,8.382
1268,12/15/20 1:35:00 PM,113.197,8.382
1269,12/15/20 2:00:00 PM,113.197,8.382
1270,12/15/20 2:25:00 PM,113.186,8.382
1271,12/15/20 2:50:00 PM,113.153,8.382
1272,12/15/20 3:15:00 PM,113.143,8.382
1273,12/15/20 3:40:00 PM,113.164,8.382
1274,12/15/20 4:05:00 PM,113.153,8.382
1275,12/15/20 4:30:00 PM,113.179,8.282
1276,12/15/20 4:55:00 PM,113.208,8.382
1277,12/15/20 5:20:00 PM,113.19,8.282
1278,12/15/20 5:45:00 PM,113.197,8.382
1279,12/15/20 6:10:00 PM,113.223,8.282
1280,12/15/20 6:35:00 PM,113.223,8.282
1281,12/15/20 7:00:00 PM,113.234,8.282
1282,12/15/20 7:25:00 PM,113.244,8.282
1283,12/15/20 7:50:00 PM,113.244,8.282
1284,12/15/20 8:15:00 PM,113.255,8.282
1285,12/15/20 8:40:00 PM,113.244,8.282
1286,12/15/20 9:05:00 PM,113.255,8.282
1287,12/15/20 9:30:00 PM,113.277,8.282
1288,12/15/20 9:55:00 PM,113.266,8.282
1289,12/15/20 10:20:00 PM,113.277,8.282
1290,12/15/20 10:45:00 PM,113.288,8.282
1291,12/15/20 11:10:00 PM,113.343,8.282
1292,12/15/20 11:35:00 PM,113.343,8.282
1293,12/16/20 12:00:00 AM,113.332,8.282
1294,12/16/20 12:25:00 AM,113.332,8.282
1295,12/16/20 12:50:00 AM,113.343,8.282
1296,12/16/20 1:15:00 AM,113.321,8.282
1297,12/16/20 1:40:00 AM,113.299,8.282
1298,12/16/20 2:05:00 AM,113.31,8.282
1299,12/16/20 2:30:00 AM,113.343,8.282
1300,12/16/20 2:55:00 AM,113.353,8.282
1301,12/16/20 3:20:00 AM,113.343,8.282
1302,12/16/20 3:45:00 AM,113.364,8.282
1303,12/16/20 4:10:00 AM,113.332,8.282
1304,12/16/20 4:35:00 AM,113.364,8.282
1305,12/16/20 5:00:00 AM,113.375,8.282
1306,12/16/20 5:25:00 AM,113.368,8.182
1307,12/16/20 5:50:00 AM,113.397,8.282
1308,12/16/20 6:15:00 AM,113.386,8.282
1309,12/16/20 6:40:00 AM,113.43,8.282
1310,12/16/20 7:05:00 AM,113.452,8.282
1311,12/16/20 7:30:00 AM,113.452,8.282
1312,12/16/20 7:55:00 AM,113.506,8.282
1313,12/16/20 8:20:00 AM,113.499,8.182
1314,12/16/20 8:45:00 AM,113.517,8.282
1315,12/16/20 9:10:00 AM,113.495,8.282
1316,12/16/20 9:35:00 AM,113.532,8.182
1317,12/16/20 10:00:00 AM,113.528,8.282
1318,12/16/20 10:25:00 AM,113.561,8.282
1319,12/16/20 10:50:00 AM,113.55,8.282
1320,12/16/20 11:15:00 AM,113.539,8.282
1321,12/16/20 11:40:00 AM,113.528,8.282
1322,12/16/20 12:05:00 PM,113.495,8.282
1323,12/16/20 12:30:00 PM,113.441,8.282
1324,12/16/20 12:55:00 PM,113.452,8.282
1325,12/16/20 1:20:00 PM,113.419,8.282
1326,12/16/20 1:45:00 PM,113.441,8.282
1327,12/16/20 2:10:00 PM,113.386,8.282
1328,12/16/20 2:35:00 PM,113.375,8.282
1329,12/16/20 3:00:00 PM,113.364,8.282
1330,12/16/20 3:25:00 PM,113.364,8.282
1331,12/16/20 3:50:00 PM,113.353,8.282
1332,12/16/20 4:15:00 PM,113.343,8.282
1333,12/16/20 4:40:00 PM,113.375,8.282
1334,12/16/20 5:05:00 PM,113.386,8.282
1335,12/16/20 5:30:00 PM,113.397,8.282
1336,12/16/20 5:55:00 PM,113.386,8.282
1337,12/16/20 6:20:00 PM,113.375,8.282
1338,12/16/20 6:45:00 PM,113.368,8.182
1339,12/16/20 7:10:00 PM,113.353,8.282
1340,12/16/20 7:35:00 PM,113.332,8.282
1341,12/16/20 8:00:00 PM,113.346,8.182
1342,12/16/20 8:25:00 PM,113.335,8.182
1343,12/16/20 8:50:00 PM,113.325,8.182
1344,12/16/20 9:15:00 PM,113.325,8.182
1345,12/16/20 9:40:00 PM,113.325,8.182
1346,12/16/20 10:05:00 PM,113.314,8.182
1347,12/16/20 10:30:00 PM,113.335,8.182
1348,12/16/20 10:55:00 PM,113.303,8.182
1349,12/16/20 11:20:00 PM,113.281,8.182
1350,12/16/20 11:45:00 PM,113.259,8.182
1351,12/17/20 12:10:00 AM,113.259,8.182
1352,12/17/20 12:35:00 AM,113.226,8.182
1353,12/17/20 1:00:00 AM,113.226,8.182
1354,12/17/20 1:25:00 AM,113.194,8.182
1355,12/17/20 1:50:00 AM,113.161,8.182
1356,12/17/20 2:15:00 AM,113.139,8.182
1357,12/17/20 2:40:00 AM,113.15,8.182
1358,12/17/20 3:05:00 AM,113.161,8.182
1359,12/17/20 3:30:00 AM,113.161,8.182
1360,12/17/20 3:55:00 AM,113.172,8.182
1361,12/17/20 4:20:00 AM,113.15,8.182
1362,12/17/20 4:45:00 AM,113.085,8.182
1363,12/17/20 5:10:00 AM,113.074,8.182
1364,12/17/20 5:35:00 AM,113.074,8.182
1365,12/17/20 6:00:00 AM,113.03,8.182
1366,12/17/20 6:25:00 AM,113.063,8.182
1367,12/17/20 6:50:00 AM,113.074,8.182
1368,12/17/20 7:15:00 AM,113.063,8.182
1369,12/17/20 7:40:00 AM,113.063,8.182
1370,12/17/20 8:05:00 AM,113.074,8.182
1371,12/17/20 8:30:00 AM,113.085,8.182
1372,12/17/20 8:55:00 AM,113.074,8.182
1373,12/17/20 9:20:00 AM,113.019,8.182
1374,12/17/20 9:45:00 AM,113.074,8.182
1375,12/17/20 10:10:00 AM,113.052,8.182
1376,12/17/20 10:35:00 AM,113.078,8.082
1377,12/17/20 11:00:00 AM,113.067,8.082
1378,12/17/20 11:25:00 AM,113.03,8.182
1379,12/17/20 11:50:00 AM,113.03,8.182
1380,12/17/20 12:15:00 PM,113.008,8.182
1381,12/17/20 12:40:00 PM,112.987,8.182
1382,12/17/20 1:05:00 PM,112.958,8.082
1383,12/17/20 1:30:00 PM,112.936,8.082
1384,12/17/20 1:55:00 PM,112.936,8.082
1385,12/17/20 2:20:00 PM,112.914,8.082
1386,12/17/20 2:45:00 PM,112.914,8.082
1387,12/17/20 3:10:00 PM,112.925,8.082
1388,12/17/20 3:35:00 PM,112.947,8.082
1389,12/17/20 4:00:00 PM,112.936,8.082
1390,12/17/20 4:25:00 PM,112.969,8.082
1391,12/17/20 4:50:00 PM,113.045,8.082
1392,12/17/20 5:15:00 PM,113.056,8.082
1393,12/17/20 5:40:00 PM,113.067,8.082
1394,12/17/20 6:05:00 PM,113.056,8.082
1395,12/17/20 6:30:00 PM,113.088,8.082
1396,12/17/20 6:55:00 PM,113.121,8.082
1397,12/17/20 7:20:00 PM,113.143,8.082
1398,12/17/20 7:45:00 PM,113.154,8.082
1399,12/17/20 8:10:00 PM,113.219,8.082
1400,12/17/20 8:35:00 PM,113.219,8.082
1401,12/17/20 9:00:00 PM,113.252,8.082
1402,12/17/20 9:25:00 PM,113.317,8.082
1403,12/17/20 9:50:00 PM,113.328,8.082
1404,12/17/20 10:15:00 PM,113.339,8.082
1405,12/17/20 10:40:00 PM,113.372,8.082
1406,12/17/20 11:05:00 PM,113.383,8.082
1407,12/17/20 11:30:00 PM,113.394,8.082
1408,12/17/20 11:55:00 PM,113.448,8.082
1409,12/18/20 12:20:00 AM,113.474,7.983
1410,12/18/20 12:45:00 AM,113.506,7.983
1411,12/18/20 1:10:00 AM,113.539,7.983
1412,12/18/20 1:35:00 AM,113.572,7.983
1413,12/18/20 2:00:00 AM,113.572,7.983
1414,12/18/20 2:25:00 AM,113.626,7.983
1415,12/18/20 2:50:00 AM,113.648,7.983
1416,12/18/20 3:15:00 AM,113.692,7.983
1417,12/18/20 3:40:00 AM,113.703,7.983
1418,12/18/20 4:05:00 AM,113.746,7.983
1419,12/18/20 4:30:00 AM,113.768,7.983
1420,12/18/20 4:55:00 AM,113.812,7.983
1421,12/18/20 5:20:00 AM,113.823,7.983
1422,12/18/20 5:45:00 AM,113.855,7.983
1423,12/18/20 6:10:00 AM,113.888,7.983
1424,12/18/20 6:35:00 AM,113.91,7.983
1425,12/18/20 7:00:00 AM,113.921,7.983
1426,12/18/20 7:25:00 AM,113.91,7.983
1427,12/18/20 7:50:00 AM,113.942,7.983
1428,12/18/20 8:15:00 AM,113.986,7.983
1429,12/18/20 8:40:00 AM,113.986,7.983
1430,12/18/20 9:05:00 AM,114.041,7.983
1431,12/18/20 9:30:00 AM,114.062,7.983
1432,12/18/20 9:55:00 AM,114.073,7.983
1433,12/18/20 10:20:00 AM,114.095,7.983
1434,12/18/20 10:45:00 AM,114.139,7.983
1435,12/18/20 11:10:00 AM,114.15,7.983
1436,12/18/20 11:35:00 AM,114.161,7.983
1437,12/18/20 12:00:00 PM,114.161,7.983
1438,12/18/20 12:25:00 PM,114.171,7.983
1439,12/18/20 12:50:00 PM,114.161,7.983
1440,12/18/20 1:15:00 PM,114.15,7.983
1441,12/18/20 1:40:00 PM,114.117,7.983
1442,12/18/20 2:05:00 PM,114.128,7.983
1443,12/18/20 2:30:00 PM,114.15,7.983
1444,12/18/20 2:55:00 PM,114.171,7.983
1445,12/18/20 3:20:00 PM,114.182,7.983
1446,12/18/20 3:45:00 PM,114.193,7.983
1447,12/18/20 4:10:00 PM,114.215,7.983
1448,12/18/20 4:35:00 PM,114.248,7.983
1449,12/18/20 5:00:00 PM,114.28,7.983
1450,12/18/20 5:25:00 PM,114.291,7.983
1451,12/18/20 5:50:00 PM,114.313,7.983
1452,12/18/20 6:15:00 PM,114.324,7.983
1453,12/18/20 6:40:00 PM,114.335,7.983
1454,12/18/20 7:05:00 PM,114.346,7.983
1455,12/18/20 7:30:00 PM,114.368,7.983
1456,12/18/20 7:55:00 PM,114.368,7.983
1457,12/18/20 8:20:00 PM,114.371,7.882
1458,12/18/20 8:45:00 PM,114.404,7.882
1459,12/18/20 9:10:00 PM,114.393,7.882
1460,12/18/20 9:35:00 PM,114.437,7.882
1461,12/18/20 10:00:00 PM,114.459,7.882
1462,12/18/20 10:25:00 PM,114.448,7.882
1463,12/18/20 10:50:00 PM,114.459,7.882
1464,12/18/20 11:15:00 PM,114.48,7.882
1465,12/18/20 11:40:00 PM,114.47,7.882
1466,12/19/20 12:05:00 AM,114.491,7.882
1467,12/19/20 12:30:00 AM,114.524,7.882
1468,12/19/20 12:55:00 AM,114.491,7.882
1469,12/19/20 1:20:00 AM,114.502,7.882
1470,12/19/20 1:45:00 AM,114.48,7.882
1471,12/19/20 2:10:00 AM,114.513,7.882
1472,12/19/20 2:35:00 AM,114.513,7.882
1473,12/19/20 3:00:00 AM,114.502,7.882
1474,12/19/20 3:25:00 AM,114.546,7.882
1475,12/19/20 3:50:00 AM,114.557,7.882
1476,12/19/20 4:15:00 AM,114.579,7.882
1477,12/19/20 4:40:00 AM,114.622,7.882
1478,12/19/20 5:05:00 AM,114.666,7.882
1479,12/19/20 5:30:00 AM,114.655,7.882
1480,12/19/20 5:55:00 AM,114.644,7.882
1481,12/19/20 6:20:00 AM,114.655,7.882
1482,12/19/20 6:45:00 AM,114.677,7.882
1483,12/19/20 7:10:00 AM,114.742,7.882
1484,12/19/20 7:35:00 AM,114.72,7.882
1485,12/19/20 8:00:00 AM,114.72,7.882
1486,12/19/20 8:25:00 AM,114.775,7.882
1487,12/19/20 8:50:00 AM,114.797,7.882
1488,12/19/20 9:15:00 AM,114.786,7.882
1489,12/19/20 9:40:00 AM,114.862,7.882
1490,12/19/20 10:05:00 AM,114.84,7.882
1491,12/19/20 10:30:00 AM,114.829,7.882
1492,12/19/20 10:55:00 AM,114.862,7.882
1493,12/19/20 11:20:00 AM,114.862,7.882
1494,12/19/20 11:45:00 AM,114.862,7.882
1495,12/19/20 12:10:00 PM,114.829,7.882
1496,12/19/20 12:35:00 PM,114.862,7.882
1497,12/19/20 1:00:00 PM,114.84,7.882
1498,12/19/20 1:25:00 PM,114.84,7.882
1499,12/19/20 1:50:00 PM,114.862,7.882
1500,12/19/20 2:15:00 PM,114.84,7.882
1501,12/19/20 2:40:00 PM,114.84,7.882
1502,12/19/20 3:05:00 PM,114.851,7.882
1503,12/19/20 3:30:00 PM,114.895,7.882
1504,12/19/20 3:55:00 PM,114.873,7.882
1505,12/19/20 4:20:00 PM,114.895,7.882
1506,12/19/20 4:45:00 PM,114.895,7.882
1507,12/19/20 5:10:00 PM,114.862,7.882
1508,12/19/20 5:35:00 PM,114.862,7.882
1509,12/19/20 6:00:00 PM,114.917,7.882
1510,12/19/20 6:25:00 PM,114.928,7.882
1511,12/19/20 6:50:00 PM,114.949,7.882
1512,12/19/20 7:15:00 PM,114.971,7.882
1513,12/19/20 7:40:00 PM,114.982,7.882
1514,12/19/20 8:05:00 PM,114.982,7.882
1515,12/19/20 8:30:00 PM,114.96,7.882
1516,12/19/20 8:55:00 PM,114.982,7.882
1517,12/19/20 9:20:00 PM,114.971,7.882
1518,12/19/20 9:45:00 PM,114.982,7.882
1519,12/19/20 10:10:00 PM,114.982,7.882
1520,12/19/20 10:35:00 PM,114.993,7.882
1521,12/19/20 11:00:00 PM,114.982,7.882
1522,12/19/20 11:25:00 PM,115.026,7.882
1523,12/19/20 11:50:00 PM,115.015,7.882
1524,12/20/20 12:15:00 AM,115.026,7.882
1525,12/20/20 12:40:00 AM,115.026,7.882
1526,12/20/20 1:05:00 AM,115.037,7.882
1527,12/20/20 1:30:00 AM,115.037,7.882
1528,12/20/20 1:55:00 AM,115.004,7.882
1529,12/20/20 2:20:00 AM,115.004,7.882
1530,12/20/20 2:45:00 AM,115.026,7.882
1531,12/20/20 3:10:00 AM,115.037,7.882
1532,12/20/20 3:35:00 AM,115.058,7.882
1533,12/20/20 4:00:00 AM,115.058,7.882
1534,12/20/20 4:25:00 AM,115.048,7.882
1535,12/20/20 4:50:00 AM,115.037,7.882
1536,12/20/20 5:15:00 AM,115.058,7.882
1537,12/20/20 5:40:00 AM,115.058,7.882
1538,12/20/20 6:05:00 AM,115.048,7.882
1539,12/20/20 6:30:00 AM,115.037,7.882
1540,12/20/20 6:55:00 AM,115.058,7.882
1541,12/20/20 7:20:00 AM,115.08,7.882
1542,12/20/20 7:45:00 AM,115.069,7.882
1543,12/20/20 8:10:00 AM,115.091,7.882
1544,12/20/20 8:35:00 AM,115.091,7.882
1545,12/20/20 9:00:00 AM,115.08,7.882
1546,12/20/20 9:25:00 AM,115.113,7.882
1547,12/20/20 9:50:00 AM,115.124,7.882
1548,12/20/20 10:15:00 AM,115.113,7.882
1549,12/20/20 10:40:00 AM,115.135,7.882
1550,12/20/20 11:05:00 AM,115.135,7.882
1551,12/20/20 11:30:00 AM,115.102,7.882
1552,12/20/20 11:55:00 AM,115.069,7.882
1553,12/20/20 12:20:00 PM,115.069,7.882
1554,12/20/20 12:45:00 PM,115.037,7.882
1555,12/20/20 1:10:00 PM,115.004,7.882
1556,12/20/20 1:35:00 PM,115.004,7.882
1557,12/20/20 2:00:00 PM,115.026,7.882
1558,12/20/20 2:25:00 PM,114.964,7.782
1559,12/20/20 2:50:00 PM,114.92,7.782
1560,12/20/20 3:15:00 PM,114.953,7.782
1561,12/20/20 3:40:00 PM,114.953,7.782
1562,12/20/20 4:05:00 PM,114.964,7.782
1563,12/20/20 4:30:00 PM,114.953,7.782
1564,12/20/20 4:55:00 PM,114.964,7.782
1565,12/20/20 5:20:00 PM,114.942,7.782
1566,12/20/20 5:45:00 PM,114.964,7.782
1567,12/20/20 6:10:00 PM,114.997,7.782
1568,12/20/20 6:35:00 PM,114.975,7.782
1569,12/20/20 7:00:00 PM,114.964,7.782
1570,12/20/20 7:25:00 PM,114.975,7.782
1571,12/20/20 7:50:00 PM,115.008,7.782
1572,12/20/20 8:15:00 PM,114.997,7.782
1573,12/20/20 8:40:00 PM,115.018,7.782
1574,12/20/20 9:05:00 PM,115.029,7.782
1575,12/20/20 9:30:00 PM,115.062,7.782
1576,12/20/20 9:55:00 PM,115.073,7.782
1577,12/20/20 10:20:00 PM,115.04,7.782
1578,12/20/20 10:45:00 PM,115.084,7.782
1579,12/20/20 11:10:00 PM,115.073,7.782
1580,12/20/20 11:35:00 PM,115.095,7.782
1581,12/21/20 12:00:00 AM,115.095,7.782
1582,12/21/20 12:25:00 AM,115.073,7.782
1583,12/21/20 12:50:00 AM,115.051,7.782
1584,12/21/20 1:15:00 AM,115.051,7.782
1585,12/21/20 1:40:00 AM,115.073,7.782
1586,12/21/20 2:05:00 AM,115.04,7.782
1587,12/21/20 2:30:00 AM,115.062,7.782
1588,12/21/20 2:55:00 AM,115.062,7.782
1589,12/21/20 3:20:00 AM,115.084,7.782
1590,12/21/20 3:45:00 AM,115.106,7.782
1591,12/21/20 4:10:00 AM,115.073,7.782
1592,12/21/20 4:35:00 AM,115.073,7.782
1593,12/21/20 5:00:00 AM,115.095,7.782
1594,12/21/20 5:25:00 AM,115.106,7.782
1595,12/21/20 5:50:00 AM,115.084,7.782
1596,12/21/20 6:15:00 AM,115.117,7.782
1597,12/21/20 6:40:00 AM,115.084,7.782
1598,12/21/20 7:05:00 AM,115.117,7.782
1599,12/21/20 7:30:00 AM,115.128,7.782
1600,12/21/20 7:55:00 AM,115.128,7.782
1601,12/21/20 8:20:00 AM,115.128,7.782
1602,12/21/20 8:45:00 AM,115.128,7.782
1603,12/21/20 9:10:00 AM,115.149,7.782
1604,12/21/20 9:35:00 AM,115.171,7.782
1605,12/21/20 10:00:00 AM,115.171,7.782
1606,12/21/20 10:25:00 AM,115.16,7.782
1607,12/21/20 10:50:00 AM,115.16,7.782
1608,12/21/20 11:15:00 AM,115.149,7.782
1609,12/21/20 11:40:00 AM,115.106,7.782
